Parameter,S1,S1_conf,ST,ST_conf
TSUM1,0.3995121333966856,0.06898240679207975,0.496155668299645,0.06402440846419763
TSUM2,0.003037620208298273,0.007611595700194785,0.006997570256337374,0.0012906575271452892
RGRLAI,0.4845433001133859,0.07323371411180599,0.5950058311440337,0.07873769284574923
SPAN,0.0002776846431668132,0.0032303118318360888,0.001267784992926045,0.0001991881475889026
SLATB,0.0,0.0,0.0,0.0
AMAXTB,0.0,0.0,0.0,0.0
EFFTB,0.0,0.0,0.0,0.0
K0,0.0,0.0,0.0,0.0
SOPE,0.0,0.0,0.0,0.0
