Parameter,S1,S1_conf,ST,ST_conf
TSUM1,0.3277758032284179,0.07146799273258157,0.6697749546713619,0.061598002707842194
TSUM2,0.1760734090451323,0.056244649271622975,0.42175991727530676,0.06676503805193634
RGRLAI,0.05075029692218435,0.019558569690387606,0.053986280063185836,0.005194484972539172
SPAN,0.06216894969939918,0.040494269533078255,0.24846992558949452,0.040677572213265074
SLATB,0.0,0.0,0.0,0.0
AMAXTB,0.0,0.0,0.0,0.0
EFFTB,0.0,0.0,0.0,0.0
K0,0.0,0.0,0.0,0.0
SOPE,0.0,0.0,0.0,0.0
