Parameter,S1,S1_conf,ST,ST_conf
TSUM1,0.343734893891498,0.07465086201636842,0.5510486955017265,0.07286238222029899
TSUM2,0.3361135632825674,0.051137976264878864,0.47615193074373713,0.06254243599204941
RGRLAI,0.058867732272043075,0.021369393430023156,0.06720284148704399,0.009651956502617992
SPAN,0.03524013562551271,0.033026524651895116,0.1467485860317343,0.0268937420575668
SLATB,0.0,0.0,0.0,0.0
AMAXTB,0.0,0.0,0.0,0.0
EFFTB,0.0,0.0,0.0,0.0
K0,0.0,0.0,0.0,0.0
SOPE,0.0,0.0,0.0,0.0
